{"spot_diameter_fullres": 177.26452999999995, "tissue_hires_scalef": 0.08250825, "fiducial_diameter_fullres": 286.35040000000004, "tissue_lowres_scalef": 0.024752475}